{"IcoMoonType":"selection","icons":[{"icon":{"paths":["M1006.802 457.768l-86.506-78.822v-261.366c0-16.63-13.482-30.114-30.114-30.114h-208.23c-16.63 0-30.114 13.482-30.114 30.114v16.748l-104.472-95.194c-20.166-18.378-50.576-18.376-70.734-0.002l-459.436 418.638c-16.152 14.72-21.49 37.4-13.598 57.778 7.894 20.378 27.114 33.544 48.968 33.544h73.378v419.442c0 16.63 13.482 30.114 30.114 30.114h251.826c16.63 0 30.114-13.482 30.114-30.114v-254.672h148.002v254.674c0 16.63 13.482 30.114 30.114 30.114h251.816c16.63 0 30.114-13.482 30.112-30.114v-419.442h73.394c21.852 0 41.074-13.168 48.968-33.544 7.89-20.38 2.554-43.060-13.602-57.782zM867.93 488.866c-16.63 0-30.114 13.482-30.114 30.114v419.442h-191.586v-254.674c0-16.63-13.484-30.114-30.114-30.114h-208.232c-16.63 0-30.114 13.482-30.114 30.114v254.674h-191.6v-419.442c0-16.63-13.482-30.114-30.114-30.114h-83.566l439.512-400.48 149.672 136.382c8.816 8.032 21.542 10.102 32.448 5.288 10.908-4.82 17.946-15.624 17.946-27.548v-54.814h148.004v244.552c0 8.474 3.568 16.552 9.832 22.26l81.606 74.36h-83.58z"],"attrs":[{}],"isMulticolor":false,"isMulticolor2":false,"grid":24,"tags":["home"]},"attrs":[{}],"properties":{"order":6239,"id":617,"name":"home","prevSize":24,"code":59662},"setIdx":0,"setId":1,"iconIdx":0},{"icon":{"paths":["M63.434 1005.876c-9.062 0-27.186-9.062-36.248-18.124-18.124-18.124-18.124-45.31 9.062-63.434l480.283-416.85-480.283-407.788c-18.124-18.124-27.186-45.31-9.062-63.434s45.31-27.186 63.434-9.062l561.841 480.283-561.841 489.345c-9.062 9.062-18.124 9.062-27.186 9.062z"],"attrs":[],"width":652,"isMulticolor":false,"isMulticolor2":false,"grid":24,"tags":["arrow-right"],"colorPermutations":{}},"attrs":[],"properties":{"order":6238,"id":616,"name":"arrow-right","prevSize":24,"code":59661},"setIdx":0,"setId":1,"iconIdx":1},{"icon":{"paths":["M658 708l-60 60-256-256 256-256 60 60-196 196z"],"attrs":[],"isMulticolor":false,"isMulticolor2":false,"tags":["keyboard_arrow_left"],"grid":24},"attrs":[],"properties":{"ligatures":"keyboard_arrow_left","id":343,"order":6234,"prevSize":24,"code":59648,"name":"keyboard_arrow_left"},"setIdx":0,"setId":1,"iconIdx":2},{"icon":{"paths":["M366 708l196-196-196-196 60-60 256 256-256 256z"],"attrs":[],"isMulticolor":false,"isMulticolor2":false,"tags":["keyboard_arrow_right"],"grid":24},"attrs":[],"properties":{"ligatures":"keyboard_arrow_right","id":344,"order":6235,"prevSize":24,"code":59649,"name":"keyboard_arrow_right"},"setIdx":0,"setId":1,"iconIdx":3},{"icon":{"paths":["M658 316l-196 196 196 196-60 60-256-256 256-256z"],"attrs":[],"isMulticolor":false,"isMulticolor2":false,"tags":["navigate_before","chevron_left"],"grid":24},"attrs":[],"properties":{"ligatures":"navigate_before, chevron_left","id":471,"order":5280,"prevSize":24,"code":59650,"name":"navigate_before"},"setIdx":0,"setId":1,"iconIdx":4},{"icon":{"paths":["M426 256l256 256-256 256-60-60 196-196-196-196z"],"attrs":[],"isMulticolor":false,"isMulticolor2":false,"tags":["navigate_next","chevron_right"],"grid":24},"attrs":[],"properties":{"ligatures":"navigate_next, chevron_right","id":472,"order":5281,"prevSize":24,"code":59651,"name":"navigate_next"},"setIdx":0,"setId":1,"iconIdx":5},{"icon":{"paths":["M298 426h428l-214 214z"],"attrs":[],"isMulticolor":false,"isMulticolor2":false,"tags":["arrow_drop_down"],"grid":24},"attrs":[],"properties":{"ligatures":"arrow_drop_down","id":590,"order":5399,"prevSize":24,"code":59652,"name":"arrow_drop_down"},"setIdx":0,"setId":1,"iconIdx":6},{"icon":{"paths":["M298 598l214-214 214 214h-428z"],"attrs":[],"isMulticolor":false,"isMulticolor2":false,"tags":["arrow_drop_up"],"grid":24},"attrs":[],"properties":{"ligatures":"arrow_drop_up","id":592,"order":5401,"prevSize":24,"code":59653,"name":"arrow_drop_up"},"setIdx":0,"setId":1,"iconIdx":7},{"icon":{"paths":["M384 690l452-452 60 60-512 512-238-238 60-60z"],"attrs":[],"isMulticolor":false,"isMulticolor2":false,"tags":["check"],"grid":24},"attrs":[],"properties":{"ligatures":"check","id":595,"order":5404,"prevSize":24,"code":59654,"name":"check"},"setIdx":0,"setId":1,"iconIdx":8},{"icon":{"paths":["M512 342l256 256-60 60-196-196-196 196-60-60z"],"attrs":[],"isMulticolor":false,"isMulticolor2":false,"tags":["expand_less"],"grid":24},"attrs":[],"properties":{"ligatures":"expand_less","id":596,"order":5405,"prevSize":24,"code":59655,"name":"expand_less"},"setIdx":0,"setId":1,"iconIdx":9},{"icon":{"paths":["M708 366l60 60-256 256-256-256 60-60 196 196z"],"attrs":[],"isMulticolor":false,"isMulticolor2":false,"tags":["expand_more"],"grid":24},"attrs":[],"properties":{"ligatures":"expand_more","id":597,"order":5406,"prevSize":24,"code":59656,"name":"expand_more"},"setIdx":0,"setId":1,"iconIdx":10},{"icon":{"paths":["M598 298v428l-214-214z"],"attrs":[],"isMulticolor":false,"isMulticolor2":false,"tags":["arrow_left"],"grid":24},"attrs":[],"properties":{"ligatures":"arrow_left","id":612,"order":5421,"prevSize":24,"code":59657,"name":"arrow_left"},"setIdx":0,"setId":1,"iconIdx":11},{"icon":{"paths":["M426 726v-428l214 214z"],"attrs":[],"isMulticolor":false,"isMulticolor2":false,"tags":["arrow_right"],"grid":24},"attrs":[],"properties":{"ligatures":"arrow_right","id":613,"order":5422,"prevSize":24,"code":59658,"name":"arrow_right"},"setIdx":0,"setId":1,"iconIdx":12},{"icon":{"paths":["M498 166l-346 346 346 346-76 76-422-422 422-422z"],"attrs":[],"isMulticolor":false,"isMulticolor2":false,"tags":["arrow_back_ios"],"grid":24},"attrs":[],"properties":{"ligatures":"arrow_back_ios","id":614,"order":5423,"prevSize":24,"code":59659,"name":"arrow_back_ios"},"setIdx":0,"setId":1,"iconIdx":13},{"icon":{"paths":["M250 176l92-90 426 426-426 426-92-90 338-336z"],"attrs":[],"isMulticolor":false,"isMulticolor2":false,"tags":["arrow_forward_ios"],"grid":24},"attrs":[],"properties":{"ligatures":"arrow_forward_ios","id":615,"order":5424,"prevSize":24,"code":59660,"name":"arrow_forward_ios"},"setIdx":0,"setId":1,"iconIdx":14}],"height":1024,"metadata":{"name":"icomoon"},"preferences":{"showGlyphs":true,"showCodes":true,"showQuickUse":true,"showQuickUse2":true,"showSVGs":true,"fontPref":{"prefix":"icon-","metadata":{"fontFamily":"icomoon"},"metrics":{"emSize":1024,"baseline":6.25,"whitespace":50},"embed":false},"imagePref":{"prefix":"icon-","png":true,"useClassSelector":true,"color":0,"bgColor":16777215,"name":"icomoon","classSelector":".icon"},"historySize":50,"gridSize":16}}